repo,distinct_hips_merged,matched_prs,total_prs
hiero-ledger/hiero-consensus-node,38,228,5127
hiero-ledger/hiero-mirror-node,35,194,3617
hiero-ledger/hiero-sdk-js,14,37,1094
hiero-ledger/hiero-sdk-go,14,24,476
hiero-ledger/solo,13,13,2383
hiero-ledger/hiero-sdk-java,13,27,602
hiero-ledger/hiero-sdk-cpp,13,15,492
hiero-ledger/hiero-sdk-swift,12,14,136
hiero-ledger/hiero-json-rpc-relay,11,12,1277
hiero-ledger/hiero-mirror-node-explorer,11,16,1024
hiero-ledger/hiero-sdk-rust,9,10,278
hiero-ledger/sdk-collaboration-hub,9,26,176
hiero-ledger/hiero-sdk-python,5,5,1040
hiero-ledger/hiero-block-node,4,9,1590
hiero-ledger/hiero-website,4,4,372
hiero-ledger/hiero-contracts,4,4,79
hiero-ledger/governance,3,4,551
hiero-ledger/hiero-sdk-tck,3,2,274
hiero-ledger/hiero-cli,2,2,563
hiero-ledger/tsc,2,2,145
hiero-ledger/hiero-local-node,1,2,262
hiero-ledger/hiero-docs,1,1,57
hiero-ledger/hiero-gradle-conventions,0,0,399
hiero-ledger/hiero-cryptography,0,0,373
hiero-ledger/hiero-enterprise-java,0,0,198
hiero-ledger/solo-docs,0,0,168
hiero-ledger/heka-identity-platform,0,0,118
hiero-ledger/hiero-hederium,0,0,109
hiero-ledger/solo-charts,0,0,100
hiero-ledger/solo-containers,0,0,100
hiero-ledger/hiero-solo-action,0,0,80
hiero-ledger/homebrew-tools,0,0,79
hiero-ledger/hiero,0,0,75
hiero-ledger/.github,0,0,55
hiero-ledger/hiero-did-sdk-js,0,0,54
hiero-ledger/hiero-did-sdk-python,0,0,45
hiero-ledger/hiero-consensus-specifications,0,0,30
hiero-ledger/awesome-contributions,0,0,16
hiero-ledger/identity-collaboration-hub,0,0,12
hiero-ledger/tsc-eligibility-check,0,0,12
hiero-ledger/hiero-ethereum-execution-spec-tests,0,0,4
